[
  {
    "image": {
      "ref": "assets/images/finland.jpg",
      "alt": "picture of finland airbnb"
    },
    "name": "Vaala Finland",
    "host": "Enskild värd",
    "date": "3-8 okt.",
    "price": "1541",
    "rating": "4.92"
  },
  {
    "image": {
      "ref": "assets/images/bengtsfors.jpg",
      "alt": "picture of bengtfors airbnb"
    },
    "name": "Bengtsfors, Sweden",
    "host": "Professionell värd",
    "date": "17-22 maj",
    "price": "3188",
    "rating": "4.95"
  },
  {
    "image": {
      "ref": "assets/images/ekerö.jpg",
      "alt": "picture of ekerö airbnb"
    },
    "name": "Ekerö, Sweden",
    "host": "Enskild värd",
    "date": "1-6 maj",
    "price": "871",
    "rating": "4.96"
  }
]